standard,impersonation,replay,identity_theft,sybil,recovery,privacy,sybil_cost_proxy_gas
ERC-1056,DEFENDED,DEFENDED,PARTIAL,VULNERABLE,VULNERABLE*,DEFENDED,52594
ERC-721,DEFENDED,N/A*,VULNERABLE,DEFENDED,VULNERABLE*,VULNERABLE,542378
ERC-725,DEFENDED,N/A*,PARTIAL,PARTIAL,VULNERABLE*,DEFENDED,519384
ERC-735,DEFENDED,PARTIAL,PARTIAL,PARTIAL,VULNERABLE*,VULNERABLE,1535776
ERC-1155,DEFENDED,N/A*,DEFENDED,DEFENDED,PARTIAL,VULNERABLE,103913
ERC-4337,DEFENDED,DEFENDED,PARTIAL,PARTIAL,DEFENDED,PARTIAL,759088
LSP8,DEFENDED,N/A*,VULNERABLE,DEFENDED,PARTIAL,VULNERABLE,149615
MOBI-VID-V2,DEFENDED,DEFENDED*,PARTIAL,DEFENDED,VULNERABLE*,DEFENDED,299143
CVIN-Combined,DEFENDED,PARTIAL,PARTIAL,VULNERABLE,VULNERABLE*,PARTIAL,52216
W3C-VC/VP,DEFENDED,DEFENDED,DEFENDED,PARTIAL,PARTIAL,DEFENDED,

Legend,* = reasoned (structural absence from verified source); others executed,sybil_cost_proxy_gas = createIdentity gasUsed from 4_comparison-framework/results/gas_benchmark.json
