standard,Deploy registry gasUsed,Deploy registry rel. cost (x cheapest),Create identity gasUsed,Create identity rel. cost (x cheapest),Update key/attribute gasUsed,Update key/attribute rel. cost (x cheapest),Update via 4337 EntryPoint gasUsed,Update via 4337 EntryPoint rel. cost (x cheapest),Add delegate/claim gasUsed,Add delegate/claim rel. cost (x cheapest),Revoke gasUsed,Revoke rel. cost (x cheapest),Transfer ownership gasUsed,Transfer ownership rel. cost (x cheapest)
ERC-1056,958726,2.10,52594,1.01,35494,1.01,—,—,54831,1.55,35046,1.38,51754,1.82
ERC-721,2787288,6.11,545101,10.45,119737,3.41,—,—,48302,1.37,27677,1.09,174670,6.15
ERC-725,—,—,519384,9.96,137096,3.91,—,—,119996,3.40,43388,1.71,28390,1.00
ERC-725xy,—,—,1680816,32.22,49937,1.42,—,—,—,—,—,—,28834,1.02
ERC-735,—,—,1598928,30.65,80788,2.30,—,—,295805,8.39,72064,2.83,28768,1.01
ERC-1155,2380231,5.22,107238,2.06,49130,1.40,—,—,57137,1.62,30647,1.21,83748,2.95
ERC-4337,456294,1.00,759088,14.55,49343,1.41,96173,1.00,47557,1.35,25429,1.00,28539,1.01
LSP8,1647805,3.61,152453,2.92,55070,1.57,—,—,—,—,41812,1.64,80544,2.84
MOBI-VID-V2,3966355,8.69,298941,5.73,306941,8.75,—,—,35277,1.00,75382,2.96,200023,7.05
CVIN-Combined,1372501,3.01,52170,1.00,35070,1.00,—,—,292214,8.28,75580,2.97,51725,1.82

Conditions,"solc 0.8.24 (optimizer on, 200 runs, viaIR)",OpenZeppelin 5.0.2,network hardhat-local,measured 2026-10-04T09:36:50.433Z
