Criterion,erc1056,erc1056w,erc721,erc725,erc735,erc1155,erc725xy,lsp8,erc4337,cvin
Lifetime gas ↓,1050809,1025469,2706685,3155103,5797549,1261575,2956507,1508413,2221290,2559537
Zero→nonzero SSTOREs ↓,8,9,92,83,149,21,38,42,37,81
R3 RPC calls at h=50 ↓,112,55,7,61,3,3,2,3,61,107
R3 median ms after lifecycle ↓,16.704,13.452,6.649,15.963,10.417,3.566,4.332,4.697,9.746,13.303
Core ops supported ↑,17,16,16,16,12,14,13,13,16,16
O(1) on-chain credential check (view) ↑,no,no,yes,yes,yes,yes,yes,yes,yes,yes
"**Dominated by** (cost axes: lifetime, SSTOREs)",—,—,"ERC-1056, ERC-1056 (wrapper), ERC-1155, LSP8, ERC-4337, CVIN-Combined","ERC-1056, ERC-1056 (wrapper), ERC-1155, ERC-725xy, LSP8, ERC-4337, CVIN-Combined","ERC-1056, ERC-1056 (wrapper), ERC-721, ERC-725, ERC-1155, ERC-725xy, LSP8, ERC-4337, CVIN-Combined","ERC-1056, ERC-1056 (wrapper)","ERC-1056, ERC-1056 (wrapper), ERC-1155, ERC-4337","ERC-1056, ERC-1056 (wrapper), ERC-1155","ERC-1056, ERC-1056 (wrapper), ERC-1155","ERC-1056, ERC-1056 (wrapper), ERC-1155, LSP8, ERC-4337"
**Dominated by** (cost + read path),—,—,"ERC-1155, LSP8","ERC-1056 (wrapper), ERC-1155, ERC-725xy, LSP8, ERC-4337","ERC-1155, ERC-725xy, LSP8",—,—,ERC-1155,ERC-1155,"ERC-1155, LSP8, ERC-4337"
**Dominated by** (all six criteria),—,—,—,ERC-4337,"ERC-1155, ERC-725xy, LSP8",—,—,ERC-1155,—,ERC-4337
