Axis | op,erc1056,erc721,erc725,erc735,erc1155,erc725xy,lsp8,erc4337,cvin
N=0|C2_create_with_attributes,366956,565274,1496416,not impl.,not impl.,not impl.,not impl.,not impl.,not impl.
N=0|U3_set_attribute,35024,120061,119996,not impl.,not impl.,not impl.,not impl.,not impl.,not impl.
N=0|U4_transfer_vehicle,51754,179599,28390,not impl.,not impl.,not impl.,not impl.,not impl.,not impl.
N=0|R3_resolve_document,9.238 ms / 12,4.345 ms / 7,7.867 ms / 11,not impl.,not impl.,not impl.,not impl.,not impl.,not impl.
N=100|C2_create_with_attributes,366956,568074,1496428,not impl.,not impl.,not impl.,not impl.,not impl.,not impl.
N=100|U3_set_attribute,35024,120061,119996,not impl.,not impl.,not impl.,not impl.,not impl.,not impl.
N=100|U4_transfer_vehicle,51754,179599,28390,not impl.,not impl.,not impl.,not impl.,not impl.,not impl.
N=100|R3_resolve_document,9.242 ms / 12,5.635 ms / 7,10.202 ms / 11,not impl.,not impl.,not impl.,not impl.,not impl.,not impl.
N=1000|C2_create_with_attributes,366956,568074,1496440,not impl.,not impl.,not impl.,not impl.,not impl.,not impl.
N=1000|U3_set_attribute,35024,120073,119996,not impl.,not impl.,not impl.,not impl.,not impl.,not impl.
N=1000|U4_transfer_vehicle,51754,179611,28390,not impl.,not impl.,not impl.,not impl.,not impl.,not impl.
N=1000|R3_resolve_document,8.411 ms / 12,5.082 ms / 7,9.116 ms / 11,not impl.,not impl.,not impl.,not impl.,not impl.,not impl.
h=1|U3_set_attribute,35016,102961,119996,not impl.,not impl.,not impl.,not impl.,not impl.,not impl.
h=1|U4_transfer_vehicle,34646,179599,28390,not impl.,not impl.,not impl.,not impl.,not impl.,not impl.
h=1|R3_resolve_document,11.487 ms / 14,3.81 ms / 7,8.348 ms / 12,not impl.,not impl.,not impl.,not impl.,not impl.,not impl.
h=10|U3_set_attribute,35028,102961,119996,not impl.,not impl.,not impl.,not impl.,not impl.,not impl.
h=10|U4_transfer_vehicle,34658,179599,28390,not impl.,not impl.,not impl.,not impl.,not impl.,not impl.
h=10|R3_resolve_document,27.729 ms / 32,9.015 ms / 7,15.2 ms / 21,not impl.,not impl.,not impl.,not impl.,not impl.,not impl.
h=50|U3_set_attribute,35028,102961,119996,not impl.,not impl.,not impl.,not impl.,not impl.,not impl.
h=50|U4_transfer_vehicle,34658,179599,28390,not impl.,not impl.,not impl.,not impl.,not impl.,not impl.
h=50|R3_resolve_document,79.929 ms / 112,23.172 ms / 7,51.709 ms / 61,not impl.,not impl.,not impl.,not impl.,not impl.,not impl.
