adapter,op,kind,supported,txCount,gasUsed,gasIntrinsic,gasExecution,calldataBytes,logCount,logBytes,sstoreCount,sloadCount,zeroToNonzeroSstores,readRpcCalls,readBytes,lat_n,lat_median,lat_p95,lat_mean,lat_sd
cvin,C1_create_identity,tx,true,1,266995,24428,242567,452,1,512,11,10,10,,,30,22.398,32.075,23.672,4.412
cvin,C2_create_with_attributes,tx,true,2,1006919,52764,954155,1512,2,1632,42,20,41,,,30,55.275,80.266,57.124,10.043
cvin,R1_resolve_owner,read,true,,,,,,,,,,,1,68,30,1.536,1.782,1.56,0.12
cvin,R2_resolve_by_vin,read,false,,,,,,,,,,,,,,,,,
cvin,R3_resolve_document,read,true,,,,,,,,,,,7,8896,30,13.777,20.832,14.434,3.148
cvin,R4_verify_delegate,read,true,,,,,,,,,,,1,68,30,1.953,2.379,2.054,0.669
cvin,U1_rotate_controller,tx,true,1,68847,21800,47047,68,1,128,2,3,2,,,30,18.151,23.097,18.42,2.549
cvin,U2_add_delegate,tx,true,1,72308,22488,49820,132,1,192,2,2,2,,,30,18.179,23.72,18.649,3.323
cvin,U3_set_attribute,tx,true,1,51742,23376,28366,228,1,288,1,2,1,,,30,18.34,25.632,19.379,3.519
cvin,U4_transfer_vehicle,tx,true,1,68847,21800,47047,68,1,128,2,3,2,,,30,16.402,22.732,17.344,3.058
cvin,U5_meta_tx,tx,false,,,,,,,,,,,,,,,,,
cvin,D1_revoke_delegate,tx,true,1,37742,22312,15430,100,1,192,2,2,0,,,30,16.865,22.05,17.763,2.851
cvin,D2_revoke_attribute,tx,true,1,34198,23188,11010,196,1,288,1,2,0,,,30,19.649,25.666,20.122,3.419
cvin,D3_deactivate_identity,tx,true,1,51016,22912,28104,196,1,256,1,2,1,,,30,18.776,26.952,19.841,3.362
cvin,V1_issuer_key_anchor,tx,true,1,55208,22488,32720,132,1,192,2,2,1,,,30,19.091,23.968,19.278,2.871
cvin,V3_anchor_status,tx,true,1,289788,24980,264808,452,1,512,12,10,11,,,30,28.43,40.412,29.287,6.197
cvin,V5_revoke_credential,tx,true,1,89972,21944,68028,68,1,160,13,25,1,,,30,34.836,58.416,36.348,11.274
cvin,V6_status_check,read,true,,,,,,,,,,,1,68,30,2.397,2.735,2.376,0.298
erc1056,C1_create_identity,tx,true,1,76808,23712,53096,516,1,224,2,4,2,,,30,29.681,38.102,29.287,5.418
erc1056,C2_create_with_attributes,tx,true,9,366978,206208,160770,2244,9,2272,10,20,3,,,30,189.499,225.961,188.789,19.776
erc1056,R1_resolve_owner,read,true,,,,,,,,,,,1,68,30,2.026,2.328,2.007,0.208
erc1056,R2_resolve_by_vin,read,true,,,,,,,,,,,1,68,30,2.179,2.908,2.803,3.131
erc1056,R3_resolve_document,read,true,,,,,,,,,,,12,8592,30,24.465,32.064,24.991,4.881
erc1056,R4_verify_delegate,read,true,,,,,,,,,,,1,68,30,2.272,2.589,2.232,0.315
erc1056,U1_rotate_controller,tx,true,1,51754,21800,29954,68,1,128,2,3,1,,,30,17.814,23.145,18.185,2.875
erc1056,U2_add_delegate,tx,true,1,55143,22488,32655,132,1,192,2,2,1,,,30,19.788,31.108,20.959,5.092
erc1056,U3_set_attribute,tx,true,1,35024,23376,11648,228,1,288,1,2,0,,,30,18.058,28.148,19.968,4.468
erc1056,U4_transfer_vehicle,tx,true,1,51754,21800,29954,68,1,128,2,3,1,,,30,18.797,24.198,19.193,3.121
erc1056,U5_meta_tx,tx,true,1,62646,24528,38106,324,1,288,2,5,1,,,30,29.731,38.62,31.045,5.258
erc1056,D1_revoke_delegate,tx,true,1,32868,22312,10556,100,1,192,2,2,0,,,30,21.94,28.949,21.898,4.329
erc1056,D2_revoke_attribute,tx,true,1,34576,23188,11388,196,1,288,1,2,0,,,30,23.283,29.192,23.465,3.668
erc1056,D3_deactivate_identity,tx,true,1,34230,22912,11318,196,1,256,1,2,0,,,30,18.229,23.248,19.011,3.137
erc1056,V1_issuer_key_anchor,tx,true,1,55143,22488,32655,132,1,192,2,2,1,,,30,18.445,26.976,19.463,4.001
erc1056,V3_anchor_status,tx,true,1,33918,22600,11318,196,1,256,1,2,0,,,30,22.385,30.141,23.697,9.14
erc1056,V5_revoke_credential,tx,true,1,33470,22412,11058,164,1,256,1,2,0,,,30,19.006,25.559,19.568,3.156
erc1056,V6_status_check,read,true,,,,,,,,,,,1,852,30,5.692,6.835,5.7,0.745
erc1056w,C1_create_identity,tx,true,2,145662,45512,100150,584,2,352,4,7,4,,,30,39.423,50.025,39.309,6.909
erc1056w,C2_create_with_attributes,tx,true,3,234587,69912,164675,1164,10,2400,12,36,4,,,30,100.613,154.33,103.25,25.837
erc1056w,R1_resolve_owner,read,true,,,,,,,,,,,1,68,30,2.623,3.593,2.724,0.572
erc1056w,R2_resolve_by_vin,read,true,,,,,,,,,,,1,68,30,2.062,3.997,2.323,0.979
erc1056w,R3_resolve_document,read,true,,,,,,,,,,,6,9170,30,17.276,22.203,16.852,3.146
erc1056w,R4_verify_delegate,read,true,,,,,,,,,,,1,68,30,1.842,2.406,1.897,0.241
erc1056w,U1_rotate_controller,tx,true,1,57188,21800,35388,68,1,128,1,9,1,,,30,20.816,32.475,22.875,5.298
erc1056w,U2_add_delegate,tx,true,1,64720,22488,42232,132,1,192,2,6,1,,,30,25.617,30.933,25.415,3.589
erc1056w,U3_set_attribute,tx,true,1,44677,23376,21301,228,1,288,1,6,0,,,30,29.361,45.676,30.018,7.864
erc1056w,U4_transfer_vehicle,tx,true,1,57188,21800,35388,68,1,128,1,9,1,,,30,19.783,26.976,20.516,3.35
erc1056w,U5_meta_tx,tx,false,,,,,,,,,,,,,,,,,
erc1056w,D1_revoke_delegate,tx,true,1,41888,22312,19576,100,1,192,2,6,0,,,30,25.671,44.196,27.148,9.267
erc1056w,D2_revoke_attribute,tx,false,,,,,,,,,,,,,,,,,
erc1056w,D3_deactivate_identity,tx,true,1,43809,22912,20897,196,1,256,1,6,0,,,30,24.024,31.711,24.784,3.575
erc1056w,V1_issuer_key_anchor,tx,true,1,55143,22488,32655,132,1,192,2,2,1,,,30,21.096,33.509,22.607,6.308
erc1056w,V3_anchor_status,tx,true,1,33918,22600,11318,196,1,256,1,2,0,,,30,22.016,38.632,23.853,7.171
erc1056w,V5_revoke_credential,tx,true,1,33470,22412,11058,164,1,256,1,2,0,,,30,20.531,25.326,19.942,3.822
erc1056w,V6_status_check,read,true,,,,,,,,,,,1,851,30,2.825,3.971,2.838,0.669
erc1155,C1_create_identity,tx,true,1,103913,22044,81869,132,3,544,3,6,3,,,30,19.286,25.304,20.049,3.385
erc1155,C2_create_with_attributes,tx,true,1,103913,22044,81869,132,3,544,3,6,3,,,30,20.37,27.13,20.914,4.359
erc1155,R1_resolve_owner,read,true,,,,,,,,,,,1,68,30,1.464,2.149,1.581,0.287
erc1155,R2_resolve_by_vin,read,true,,,,,,,,,,,1,68,30,1.968,2.209,1.895,0.331
erc1155,R3_resolve_document,read,true,,,,,,,,,,,3,908,30,4.228,16.163,5.687,3.723
erc1155,R4_verify_delegate,read,false,,,,,,,,,,,,,,,,,
erc1155,U1_rotate_controller,tx,true,1,83959,21940,62019,100,1,192,5,10,2,,,30,23.01,27.834,22.81,4.607
erc1155,U2_add_delegate,tx,false,,,,,,,,,,,,,,,,,
erc1155,U3_set_attribute,tx,true,1,57147,21712,35435,100,2,352,1,3,1,,,30,18.347,23.64,18.576,2.917
erc1155,U4_transfer_vehicle,tx,true,1,83959,21940,62019,100,1,192,5,10,2,,,30,21.682,45.423,24.824,9.254
erc1155,U5_meta_tx,tx,false,,,,,,,,,,,,,,,,,
erc1155,D1_revoke_delegate,tx,false,,,,,,,,,,,,,,,,,
erc1155,D2_revoke_attribute,tx,true,1,30625,21712,8913,100,2,352,1,3,0,,,30,19.678,24.335,20.298,3.86
erc1155,D3_deactivate_identity,tx,true,1,37443,21712,15731,100,2,352,3,7,0,,,30,21.288,25.961,21.283,3.471
erc1155,V1_issuer_key_anchor,tx,true,1,51281,21944,29337,68,1,128,1,4,1,,,30,16.782,23.09,17.458,2.988
erc1155,V3_anchor_status,tx,true,1,57519,22084,35435,100,2,352,1,3,1,,,30,18.028,24.986,19.305,3.384
erc1155,V5_revoke_credential,tx,true,1,30997,22084,8913,100,2,352,1,3,0,,,30,19.376,26.364,19.806,3.288
erc1155,V6_status_check,read,true,,,,,,,,,,,1,68,30,1.696,2.056,1.683,0.274
erc4337,C1_create_identity,tx,true,2,808431,129904,678527,3749,2,288,2,3,2,,,30,52.474,72.256,55.382,9.05
erc4337,C2_create_with_attributes,tx,true,9,1153124,284512,868612,4673,9,1408,9,17,9,,,30,169.167,188.962,169.832,16.392
erc4337,R1_resolve_owner,read,true,,,,,,,,,,,1,68,30,1.783,2.601,1.906,0.59
erc4337,R2_resolve_by_vin,read,false,,,,,,,,,,,,,,,,,
erc4337,R3_resolve_document,read,true,,,,,,,,,,,11,1964,30,10.467,28.922,14.478,7.674
erc4337,R4_verify_delegate,read,true,,,,,,,,,,,1,68,30,1.799,1.995,1.781,0.152
erc4337,U1_rotate_controller,tx,true,1,28539,21432,7107,36,1,96,1,1,0,,,30,19.085,25.443,19.41,3.951
erc4337,U2_add_delegate,tx,true,1,47569,21432,26137,36,1,96,1,2,1,,,30,16.529,21.779,17.207,3.144
erc4337,U3_set_attribute,tx,true,1,94651,22832,71819,164,1,192,3,2,3,,,30,17.616,29.28,19.384,4.562
erc4337,U4_transfer_vehicle,tx,true,1,28539,21432,7107,36,1,96,1,1,0,,,30,16.812,21.684,17.482,2.444
erc4337,U5_meta_tx,tx,true,1,141767,27288,114467,900,3,704,4,5,4,,,30,36.892,48.704,37.424,7.726
erc4337,D1_revoke_delegate,tx,true,1,25429,21192,4237,36,1,96,1,2,0,,,30,18.65,25.1,19.413,3.436
erc4337,D2_revoke_attribute,tx,true,1,33469,21844,11625,100,1,128,3,2,0,,,30,18.75,27.764,19.847,3.547
erc4337,D3_deactivate_identity,tx,true,1,28323,21216,7107,36,1,96,1,1,0,,,30,16.357,20.545,16.728,2.408
erc4337,V1_issuer_key_anchor,tx,true,1,49151,21996,27155,132,1,160,1,2,1,,,30,16.915,25.39,18.017,3.413
erc4337,V3_anchor_status,tx,true,1,49211,22056,27155,132,1,160,1,2,1,,,30,16.921,23.793,18.45,3.119
erc4337,V5_revoke_credential,tx,true,1,26809,21844,4965,100,1,128,1,2,0,,,30,18.933,33.236,21.142,5.818
erc4337,V6_status_check,read,true,,,,,,,,,,,1,196,30,2.046,2.974,2.55,2.294
erc721,C1_create_identity,tx,true,1,399844,23292,376552,420,3,416,24,24,15,,,30,27.654,32.039,27.195,3.222
erc721,C2_create_with_attributes,tx,true,1,568074,25296,542778,612,3,416,27,24,23,,,30,40.226,46.578,38.397,6.918
erc721,R1_resolve_owner,read,true,,,,,,,,,,,1,68,30,2.529,2.954,2.551,0.255
erc721,R2_resolve_by_vin,read,true,,,,,,,,,,,1,68,30,2.542,3.128,2.55,0.351
erc721,R3_resolve_document,read,true,,,,,,,,,,,7,2652,30,9.59,28.898,14.172,8.516
erc721,R4_verify_delegate,read,true,,,,,,,,,,,2,136,30,2.241,3.336,2.78,2.47
erc721,U1_rotate_controller,tx,true,1,179470,21940,157530,100,2,288,13,13,6,,,30,22.972,35.411,24.253,5.814
erc721,U2_add_delegate,tx,true,1,48314,21572,26742,68,1,128,1,2,1,,,30,18.32,24.407,18.911,3.334
erc721,U3_set_attribute,tx,true,1,120061,22460,97601,164,1,224,4,5,4,,,30,20.021,27.018,21.15,3.407
erc721,U4_transfer_vehicle,tx,true,1,182374,21940,160434,100,2,288,13,13,6,,,30,29.045,41.651,29.725,7.761
erc721,U5_meta_tx,tx,false,,,,,,,,,,,,,,,,,
erc721,D1_revoke_delegate,tx,true,1,26174,21332,4842,68,1,128,1,2,0,,,30,23.641,37.728,24.133,7.494
erc721,D2_revoke_attribute,tx,false,,,,,,,,,,,,,,,,,
erc721,D3_deactivate_identity,tx,true,1,27689,21204,6473,36,1,96,1,3,0,,,30,20.648,29.792,21.496,6.305
erc721,V1_issuer_key_anchor,tx,true,1,419990,23504,396486,452,3,416,24,24,16,,,30,28.187,34.446,28.812,4.021
erc721,V3_anchor_status,tx,true,1,142909,22792,120117,196,1,256,5,5,5,,,30,20.962,27.434,22.088,3.9
erc721,V5_revoke_credential,tx,true,1,125821,22804,103017,196,1,256,5,5,4,,,30,21.324,29.554,21.791,4.653
erc721,V6_status_check,read,true,,,,,,,,,,,1,708,30,2.575,5.245,2.887,1.309
erc725,C1_create_identity,tx,true,2,656480,108538,547942,2226,2,224,6,5,6,,,30,45.752,61.91,47.034,7.191
erc725,C2_create_with_attributes,tx,true,9,1496440,261530,1234922,2926,9,1120,41,33,34,,,30,189.388,241.259,191.917,27.03
erc725,R1_resolve_owner,read,true,,,,,,,,,,,1,68,30,1.64,1.832,1.6,0.173
erc725,R2_resolve_by_vin,read,false,,,,,,,,,,,,,,,,,
erc725,R3_resolve_document,read,true,,,,,,,,,,,12,2800,30,23.374,37.336,24.145,6.562
erc725,R4_verify_delegate,read,true,,,,,,,,,,,1,196,30,1.664,2.096,1.693,0.234
erc725,U1_rotate_controller,tx,true,1,28390,21432,6958,36,1,96,1,1,0,,,30,18.508,26.748,19.308,3.593
erc725,U2_add_delegate,tx,true,1,119852,21712,98140,100,1,128,5,4,4,,,30,18.859,26.27,20.253,4.549
erc725,U3_set_attribute,tx,true,1,119996,21856,98140,100,1,128,5,4,4,,,30,17.457,24.158,18.531,3.436
erc725,U4_transfer_vehicle,tx,true,1,28390,21432,6958,36,1,96,1,1,0,,,30,18.507,25.66,18.93,3.577
erc725,U5_meta_tx,tx,false,,,,,,,,,,,,,,,,,
erc725,D1_revoke_delegate,tx,true,1,57200,21432,35768,36,1,64,6,35,0,,,30,25.447,36.183,26.422,9.848
erc725,D2_revoke_attribute,tx,true,1,57316,21576,35740,36,1,64,6,35,0,,,30,22.523,39.048,25.302,6.199
erc725,D3_deactivate_identity,tx,true,1,23091,21064,2027,4,1,96,1,1,0,,,30,18.463,23.447,18.467,3.008
erc725,V1_issuer_key_anchor,tx,true,1,119852,21712,98140,100,1,128,5,4,4,,,30,21.463,25.399,21.304,4.04
erc725,V3_anchor_status,tx,true,1,119996,21856,98140,100,1,128,5,4,4,,,30,19.338,26.233,20.113,3.795
erc725,V5_revoke_credential,tx,true,1,43388,21576,21812,36,1,64,6,14,0,,,30,23.034,35.271,23.536,6.057
erc725,V6_status_check,read,true,,,,,,,,,,,1,196,30,1.558,2.099,1.582,0.289
erc725xy,C1_create_identity,tx,true,2,1730753,198198,1532555,7817,2,256,2,3,2,,,30,75.335,102.614,78.538,13.144
erc725xy,C2_create_with_attributes,tx,true,2,1963543,205906,1757637,8841,9,1376,11,10,11,,,30,89.488,118.325,92.309,12.708
erc725xy,R1_resolve_owner,read,true,,,,,,,,,,,1,68,30,1.33,1.674,1.36,0.154
erc725xy,R2_resolve_by_vin,read,false,,,,,,,,,,,,,,,,,
erc725xy,R3_resolve_document,read,true,,,,,,,,,,,2,1992,30,4.291,18.128,7.445,8.157
erc725xy,R4_verify_delegate,read,false,,,,,,,,,,,,,,,,,
erc725xy,U1_rotate_controller,tx,true,1,28834,21432,7402,36,1,96,1,2,0,,,30,16.436,21.441,16.768,2.924
erc725xy,U2_add_delegate,tx,false,,,,,,,,,,,,,,,,,
erc725xy,U3_set_attribute,tx,true,1,95334,22832,72502,164,1,192,3,2,3,,,30,18.106,25.821,19.686,3.422
erc725xy,U4_transfer_vehicle,tx,true,1,28834,21432,7402,36,1,96,1,2,0,,,30,15.509,21.064,16.798,3.598
erc725xy,U5_meta_tx,tx,false,,,,,,,,,,,,,,,,,
erc725xy,D1_revoke_delegate,tx,false,,,,,,,,,,,,,,,,,
erc725xy,D2_revoke_attribute,tx,true,1,33880,21844,12036,100,1,128,3,2,0,,,30,18.436,27.685,20.344,3.944
erc725xy,D3_deactivate_identity,tx,true,1,23182,21064,2118,4,1,96,1,1,0,,,30,16.868,22.7,17.401,2.822
erc725xy,V1_issuer_key_anchor,tx,true,1,49745,21996,27749,132,1,160,1,2,1,,,30,16.673,25.603,17.749,3.412
erc725xy,V3_anchor_status,tx,true,1,49805,22056,27749,132,1,160,1,2,1,,,30,18.164,24.97,18.82,3.735
erc725xy,V5_revoke_credential,tx,true,1,27322,21844,5478,100,1,128,1,2,0,,,30,17.92,22.987,18.477,2.77
erc725xy,V6_status_check,read,true,,,,,,,,,,,1,196,30,1.646,2.301,1.871,1.105
erc735,C1_create_identity,tx,true,1,1535776,169434,1366342,7375,2,288,3,2,3,,,30,51.736,80.41,55.712,12.159
erc735,C2_create_with_attributes,tx,true,2,2285459,197402,2088057,8403,4,2464,34,12,34,,,30,105.075,125.509,100.653,17.217
erc735,R1_resolve_owner,read,true,,,,,,,,,,,1,68,30,1.314,1.958,1.424,0.295
erc735,R2_resolve_by_vin,read,false,,,,,,,,,,,,,,,,,
erc735,R3_resolve_document,read,true,,,,,,,,,,,3,11935,30,7.292,11.861,7.956,1.781
erc735,R4_verify_delegate,read,false,,,,,,,,,,,,,,,,,
erc735,U1_rotate_controller,tx,true,1,28746,21432,7314,36,1,96,1,2,0,,,30,15.067,23.159,16.367,3.305
erc735,U2_add_delegate,tx,false,,,,,,,,,,,,,,,,,
erc735,U3_set_attribute,tx,true,1,317814,25076,292738,452,2,1024,13,10,12,,,30,25.634,35.411,26.759,5.654
erc735,U4_transfer_vehicle,tx,true,1,28746,21432,7314,36,1,96,1,2,0,,,30,16.349,21.105,16.812,2.247
erc735,U5_meta_tx,tx,false,,,,,,,,,,,,,,,,,
erc735,D1_revoke_delegate,tx,false,,,,,,,,,,,,,,,,,
erc735,D2_revoke_attribute,tx,true,1,96611,21576,75035,36,1,512,14,26,1,,,30,23.988,32.076,25.014,5.287
erc735,D3_deactivate_identity,tx,true,1,28530,21216,7314,36,1,96,1,2,0,,,30,17.313,26.883,18.564,6.73
erc735,V1_issuer_key_anchor,tx,false,,,,,,,,,,,,,,,,,
erc735,V3_anchor_status,tx,true,1,294628,24612,270041,420,2,960,12,10,11,,,30,21.136,28.161,22.784,3.877
erc735,V5_revoke_credential,tx,true,1,92273,21576,70697,36,1,480,13,25,1,,,30,22.062,34.93,23.643,6.034
erc735,V6_status_check,read,true,,,,,,,,,,,1,68,30,1.722,2.128,1.774,0.218
lsp8,C1_create_identity,tx,true,1,132515,22044,110471,132,4,800,6,10,5,,,30,20.035,25.859,20.659,2.839
lsp8,C2_create_with_attributes,tx,true,2,370025,54800,315225,1448,18,3264,13,25,11,,,30,49.751,71.681,51.99,10.931
lsp8,R1_resolve_owner,read,true,,,,,,,,,,,2,136,30,2.785,3.239,2.861,0.268
lsp8,R2_resolve_by_vin,read,true,,,,,,,,,,,1,68,30,1.618,1.861,1.639,0.107
lsp8,R3_resolve_document,read,true,,,,,,,,,,,3,2060,30,6.905,24.073,10.032,6.597
lsp8,R4_verify_delegate,read,false,,,,,,,,,,,,,,,,,
lsp8,U1_rotate_controller,tx,true,1,83412,22720,60692,196,1,256,8,12,2,,,30,20.986,31.232,22.694,5.833
lsp8,U2_add_delegate,tx,false,,,,,,,,,,,,,,,,,
lsp8,U3_set_attribute,tx,true,1,100573,23344,77229,196,2,416,3,3,3,,,30,20.273,31.514,21.761,5.445
lsp8,U4_transfer_vehicle,tx,true,1,83412,22720,60692,196,1,256,8,12,2,,,30,23.477,38.541,24.843,6.878
lsp8,U5_meta_tx,tx,false,,,,,,,,,,,,,,,,,
lsp8,D1_revoke_delegate,tx,false,,,,,,,,,,,,,,,,,
lsp8,D2_revoke_attribute,tx,true,1,37806,22344,15450,132,2,288,3,3,0,,,30,21.315,27.886,21.627,4.1
lsp8,D3_deactivate_identity,tx,true,1,43076,21844,21232,100,2,352,6,10,0,,,30,18.862,26.414,19.871,3.382
lsp8,V1_issuer_key_anchor,tx,false,,,,,,,,,,,,,,,,,
lsp8,V3_anchor_status,tx,true,1,54874,22568,32306,164,2,352,1,3,1,,,30,19.3,33.047,21.295,5.364
lsp8,V5_revoke_credential,tx,true,1,32212,22356,9856,132,2,288,1,3,0,,,30,19.968,25.009,20.45,2.886
lsp8,V6_status_check,read,true,,,,,,,,,,,1,196,30,2.095,5.052,2.678,1.801
