Operation,erc1056,erc1056w,erc721,erc725,erc735,erc1155,erc725xy,lsp8,erc4337,cvin
C1_create_identity,1,2,1,2,1,1,2,1,2,1
C2_create_with_attributes,9,3,1,9,2,1,2,2,9,2
U1_rotate_controller,1,1,1,1,1,1,1,1,1,1
U2_add_delegate,1,1,1,1,n/a,n/a,n/a,n/a,1,1
U3_set_attribute,1,1,1,1,1,1,1,1,1,1
U4_transfer_vehicle,1,1,1,1,1,1,1,1,1,1
U5_meta_tx,1,n/a,n/a,n/a,n/a,n/a,n/a,n/a,1,n/a
D1_revoke_delegate,1,1,1,1,n/a,n/a,n/a,n/a,1,1
D2_revoke_attribute,1,n/a,n/a,1,1,1,1,1,1,1
D3_deactivate_identity,1,1,1,1,1,1,1,1,1,1
V1_issuer_key_anchor,1,1,1,1,n/a,1,1,n/a,1,1
V3_anchor_status,1,1,1,1,1,1,1,1,1,1
V5_revoke_credential,1,1,1,1,1,1,1,1,1,1
