Axis | op,erc1056,erc1056w,erc721,erc725,erc735,erc1155,erc725xy,lsp8,erc4337,cvin
N=0|C2_create_with_attributes,366978,234587,565274,1496416,2285472,103913,1963543,387125,1153124,1006893
N=0|U3_set_attribute,35024,44677,120061,119996,317814,57147,95334,100573,94651,51742
N=0|U4_transfer_vehicle,51754,57188,179574,28390,28746,138652,28834,80612,28539,51747
N=0|R3_resolve_document,12 RPC / 8434 B,5 RPC / 8427 B,7 RPC / 2588 B,11 RPC / 2540 B,3 RPC / 9840 B,3 RPC / 908 B,2 RPC / 1992 B,3 RPC / 2060 B,11 RPC / 1964 B,7 RPC / 7392 B
N=100|C2_create_with_attributes,366978,234587,568074,1496428,2285447,103913,1963543,370025,1153124,1006919
N=100|U3_set_attribute,35024,44677,120061,119996,317814,57147,95334,100573,94651,51742
N=100|U4_transfer_vehicle,51754,57188,179574,28390,28746,138652,28834,80612,28539,51747
N=100|R3_resolve_document,12 RPC / 8444 B,5 RPC / 8437 B,7 RPC / 2588 B,11 RPC / 2540 B,3 RPC / 9847 B,3 RPC / 908 B,2 RPC / 1992 B,3 RPC / 2060 B,11 RPC / 1964 B,7 RPC / 7392 B
h=1|U3_set_attribute,35028,44681,102961,119996,317814,40047,95334,100573,94651,34646
h=1|U4_transfer_vehicle,34658,40096,179574,28390,28746,138652,28834,80612,28539,34651
h=1|R3_resolve_document,14 RPC / 10005 B,6 RPC / 9404 B,7 RPC / 3164 B,12 RPC / 2800 B,3 RPC / 13241 B,3 RPC / 908 B,2 RPC / 2312 B,3 RPC / 2380 B,12 RPC / 2288 B,9 RPC / 8962 B
h=10|U3_set_attribute,35028,44681,102961,119996,317814,40047,95334,100573,94651,34646
h=10|U4_transfer_vehicle,34658,40096,179574,28390,28746,138652,28834,80612,28539,34651
h=10|R3_resolve_document,32 RPC / 24153 B,15 RPC / 18203 B,7 RPC / 8348 B,21 RPC / 5140 B,3 RPC / 43863 B,3 RPC / 908 B,2 RPC / 5192 B,3 RPC / 5260 B,21 RPC / 5204 B,27 RPC / 23102 B
h=50|U3_set_attribute,35028,44681,102961,119996,317814,40047,95334,100573,94651,34646
h=50|U4_transfer_vehicle,34658,40096,179574,28390,28746,138652,28834,80612,28539,34651
h=50|R3_resolve_document,112 RPC / 87033 B,55 RPC / 57323 B,7 RPC / 31388 B,61 RPC / 15540 B,3 RPC / 180023 B,3 RPC / 908 B,2 RPC / 17992 B,3 RPC / 18060 B,61 RPC / 18164 B,107 RPC / 85978 B
